NUTS3;CODE
'LT011';'10001'
'LT011';'10004'
'LT011';'10007'
'LT011';'01001'
'LT011';'01013'
'LT011';'01025'
'LT011';'01031'
'LT011';'01047'
'LT011';'01100'
'LT011';'01101'
'LT011';'01102'
'LT011';'01103'
'LT011';'01104'
'LT011';'01105'
'LT011';'01106'
'LT011';'01107'
'LT011';'01108'
'LT011';'01109'
'LT011';'01110'
'LT011';'01111'
'LT011';'01112'
'LT011';'01113'
'LT011';'01114'
'LT011';'01115'
'LT011';'01116'
'LT011';'01117'
'LT011';'01118'
'LT011';'01119'
'LT011';'01120'
'LT011';'01121'
'LT011';'01122'
'LT011';'01123'
'LT011';'01124'
'LT011';'01125'
'LT011';'01126'
'LT011';'01127'
'LT011';'01128'
'LT011';'01129'
'LT011';'01130'
'LT011';'01131'
'LT011';'01132'
'LT011';'01133'
'LT011';'01134'
'LT011';'01135'
'LT011';'01136'
'LT011';'01137'
'LT011';'01138'
'LT011';'01139'
'LT011';'01140'
'LT011';'01141'
'LT011';'01143'
'LT011';'01144'
'LT011';'01200'
'LT011';'01201'
'LT011';'01202'
'LT011';'01203'
'LT011';'01204'
'LT011';'01205'
'LT011';'01206'
'LT011';'01207'
'LT011';'01208'
'LT011';'01209'
'LT011';'01210'
'LT011';'01211'
'LT011';'01212'
'LT011';'01213'
'LT011';'01214'
'LT011';'01215'
'LT011';'01300'
'LT011';'01301'
'LT011';'01302'
'LT011';'01303'
'LT011';'01304'
'LT011';'01305'
'LT011';'01306'
'LT011';'01307'
'LT011';'01308'
'LT011';'01309'
'LT011';'01310'
'LT011';'01311'
'LT011';'01312'
'LT011';'01313'
'LT011';'01314'
'LT011';'01400'
'LT011';'01401'
'LT011';'01402'
'LT011';'02007'
'LT011';'02011'
'LT011';'02017'
'LT011';'02021'
'LT011';'02025'
'LT011';'02029'
'LT011';'02100'
'LT011';'02101'
'LT011';'02102'
'LT011';'02103'
'LT011';'02104'
'LT011';'02105'
'LT011';'02106'
'LT011';'02107'
'LT011';'02108'
'LT011';'02109'
'LT011';'02110'
'LT011';'02111'
'LT011';'02112'
'LT011';'02113'
'LT011';'02114'
'LT011';'02115'
'LT011';'02116'
'LT011';'02117'
'LT011';'02118'
'LT011';'02119'
'LT011';'02120'
'LT011';'02121'
'LT011';'02122'
'LT011';'02151'
'LT011';'02152'
'LT011';'02153'
'LT011';'02154'
'LT011';'02155'
'LT011';'02156'
'LT011';'02157'
'LT011';'02158'
'LT011';'02159'
'LT011';'02160'
'LT011';'02161'
'LT011';'02162'
'LT011';'02163'
'LT011';'02164'
'LT011';'02165'
'LT011';'02166'
'LT011';'02167'
'LT011';'02168'
'LT011';'02169'
'LT011';'02170'
'LT011';'02171'
'LT011';'02172'
'LT011';'02173'
'LT011';'02174'
'LT011';'02175'
'LT011';'02176'
'LT011';'02177'
'LT011';'02178'
'LT011';'02179'
'LT011';'02180'
'LT011';'02181'
'LT011';'02182'
'LT011';'02183'
'LT011';'02184'
'LT011';'02185'
'LT011';'02186'
'LT011';'02187'
'LT011';'02188'
'LT011';'02189'
'LT011';'02190'
'LT011';'02191'
'LT011';'02192'
'LT011';'02193'
'LT011';'02194'
'LT011';'02195'
'LT011';'02200'
'LT011';'02201'
'LT011';'02202'
'LT011';'02203'
'LT011';'02204'
'LT011';'02205'
'LT011';'02206'
'LT011';'02207'
'LT011';'02208'
'LT011';'02209'
'LT011';'02210'
'LT011';'02211'
'LT011';'02212'
'LT011';'02213'
'LT011';'02214'
'LT011';'02215'
'LT011';'02216'
'LT011';'02217'
'LT011';'02218'
'LT011';'02219'
'LT011';'02220'
'LT011';'02221'
'LT011';'02222'
'LT011';'02223'
'LT011';'02224'
'LT011';'02225'
'LT011';'02231'
'LT011';'02232'
'LT011';'02233'
'LT011';'02234'
'LT011';'02236'
'LT011';'02237'
'LT011';'02238'
'LT011';'02239'
'LT011';'02241'
'LT011';'02242'
'LT011';'02243'
'LT011';'02244'
'LT011';'02245'
'LT011';'02246'
'LT011';'02300'
'LT011';'02301'
'LT011';'02302'
'LT011';'02303'
'LT011';'02304'
'LT011';'02305'
'LT011';'02306'
'LT011';'02307'
'LT011';'02308'
'LT011';'02309'
'LT011';'03001'
'LT011';'03011'
'LT011';'03100'
'LT011';'03101'
'LT011';'03102'
'LT011';'03103'
'LT011';'03104'
'LT011';'03105'
'LT011';'03106'
'LT011';'03107'
'LT011';'03108'
'LT011';'03109'
'LT011';'03110'
'LT011';'03111'
'LT011';'03112'
'LT011';'03113'
'LT011';'03114'
'LT011';'03115'
'LT011';'03116'
'LT011';'03117'
'LT011';'03118'
'LT011';'03119'
'LT011';'03120'
'LT011';'03121'
'LT011';'03122'
'LT011';'03123'
'LT011';'03124'
'LT011';'03125'
'LT011';'03126'
'LT011';'03127'
'LT011';'03128'
'LT011';'03129'
'LT011';'03130'
'LT011';'03131'
'LT011';'03132'
'LT011';'03133'
'LT011';'03134'
'LT011';'03135'
'LT011';'03136'
'LT011';'03137'
'LT011';'03138'
'LT011';'03139'
'LT011';'03140'
'LT011';'03141'
'LT011';'03142'
'LT011';'03143'
'LT011';'03144'
'LT011';'03145'
'LT011';'03146'
'LT011';'03147'
'LT011';'03148'
'LT011';'03149'
'LT011';'03150'
'LT011';'03151'
'LT011';'03152'
'LT011';'03153'
'LT011';'03154'
'LT011';'03155'
'LT011';'03157'
'LT011';'03158'
'LT011';'03200'
'LT011';'03201'
'LT011';'03202'
'LT011';'03203'
'LT011';'03204'
'LT011';'03205'
'LT011';'03206'
'LT011';'03207'
'LT011';'03208'
'LT011';'03209'
'LT011';'03210'
'LT011';'03211'
'LT011';'03212'
'LT011';'03213'
'LT011';'03214'
'LT011';'03215'
'LT011';'03216'
'LT011';'03217'
'LT011';'03218'
'LT011';'03219'
'LT011';'03220'
'LT011';'03221'
'LT011';'03222'
'LT011';'03223'
'LT011';'03224'
'LT011';'03225'
'LT011';'03226'
'LT011';'03227'
'LT011';'03228'
'LT011';'03229'
'LT011';'03230'
'LT011';'03231'
'LT011';'03233'
'LT011';'04001'
'LT011';'04007'
'LT011';'04013'
'LT011';'04100'
'LT011';'04101'
'LT011';'04102'
'LT011';'04103'
'LT011';'04104'
'LT011';'04105'
'LT011';'04106'
'LT011';'04107'
'LT011';'04108'
'LT011';'04109'
'LT011';'04110'
'LT011';'04111'
'LT011';'04112'
'LT011';'04113'
'LT011';'04114'
'LT011';'04115'
'LT011';'04116'
'LT011';'04117'
'LT011';'04118'
'LT011';'04119'
'LT011';'04120'
'LT011';'04121'
'LT011';'04122'
'LT011';'04123'
'LT011';'04124'
'LT011';'04125'
'LT011';'04126'
'LT011';'04127'
'LT011';'04128'
'LT011';'04129'
'LT011';'04130'
'LT011';'04131'
'LT011';'04132'
'LT011';'04133'
'LT011';'04134'
'LT011';'04135'
'LT011';'04136'
'LT011';'04137'
'LT011';'04138'
'LT011';'04139'
'LT011';'04200'
'LT011';'04201'
'LT011';'04202'
'LT011';'04203'
'LT011';'04204'
'LT011';'04205'
'LT011';'04206'
'LT011';'04207'
'LT011';'04208'
'LT011';'04209'
'LT011';'04210'
'LT011';'04211'
'LT011';'04212'
'LT011';'04213'
'LT011';'04214'
'LT011';'04215'
'LT011';'04216'
'LT011';'04217'
'LT011';'04218'
'LT011';'04219'
'LT011';'04220'
'LT011';'04221'
'LT011';'04222'
'LT011';'04223'
'LT011';'04224'
'LT011';'04225'
'LT011';'04226'
'LT011';'04228'
'LT011';'04229'
'LT011';'04230'
'LT011';'04231'
'LT011';'04232'
'LT011';'04233'
'LT011';'04234'
'LT011';'04300'
'LT011';'04301'
'LT011';'04302'
'LT011';'04303'
'LT011';'04304'
'LT011';'04305'
'LT011';'04306'
'LT011';'04307'
'LT011';'04308'
'LT011';'04309'
'LT011';'04310'
'LT011';'04311'
'LT011';'04312'
'LT011';'04313'
'LT011';'04314'
'LT011';'04315'
'LT011';'04316'
'LT011';'04317'
'LT011';'04318'
'LT011';'04319'
'LT011';'04320'
'LT011';'04321'
'LT011';'04322'
'LT011';'04323'
'LT011';'04324'
'LT011';'04325'
'LT011';'04326'
'LT011';'04327'
'LT011';'04328'
'LT011';'04329'
'LT011';'04330'
'LT011';'04331'
'LT011';'04332'
'LT011';'04333'
'LT011';'04334'
'LT011';'04335'
'LT011';'04336'
'LT011';'04337'
'LT011';'04338'
'LT011';'04339'
'LT011';'04340'
'LT011';'04341'
'LT011';'04342'
'LT011';'04343'
'LT011';'04344'
'LT011';'04345'
'LT011';'04346'
'LT011';'04347'
'LT011';'04348'
'LT011';'04349'
'LT011';'04350'
'LT011';'04351'
'LT011';'04352'
'LT011';'05001'
'LT011';'05009'
'LT011';'05100'
'LT011';'05101'
'LT011';'05102'
'LT011';'05103'
'LT011';'05104'
'LT011';'05105'
'LT011';'05106'
'LT011';'05107'
'LT011';'05108'
'LT011';'05109'
'LT011';'05110'
'LT011';'05111'
'LT011';'05112'
'LT011';'05113'
'LT011';'05114'
'LT011';'05115'
'LT011';'05116'
'LT011';'05117'
'LT011';'05118'
'LT011';'05119'
'LT011';'05120'
'LT011';'05121'
'LT011';'05122'
'LT011';'05123'
'LT011';'05124'
'LT011';'05125'
'LT011';'05126'
'LT011';'05127'
'LT011';'05128'
'LT011';'05129'
'LT011';'05130'
'LT011';'05131'
'LT011';'05200'
'LT011';'05201'
'LT011';'05202'
'LT011';'05203'
'LT011';'05204'
'LT011';'05205'
'LT011';'05206'
'LT011';'05207'
'LT011';'05208'
'LT011';'05209'
'LT011';'05210'
'LT011';'05211'
'LT011';'05212'
'LT011';'05213'
'LT011';'05214'
'LT011';'05215'
'LT011';'05216'
'LT011';'05217'
'LT011';'05218'
'LT011';'05219'
'LT011';'05220'
'LT011';'05221'
'LT011';'05222'
'LT011';'05223'
'LT011';'05224'
'LT011';'05225'
'LT011';'05226'
'LT011';'05227'
'LT011';'05228'
'LT011';'05229'
'LT011';'05230'
'LT011';'05231'
'LT011';'05232'
'LT011';'05233'
'LT011';'05234'
'LT011';'05235'
'LT011';'05236'
'LT011';'05237'
'LT011';'05238'
'LT011';'05239'
'LT011';'05240'
'LT011';'05241'
'LT011';'05242'
'LT011';'05243'
'LT011';'05244'
'LT011';'05245'
'LT011';'05246'
'LT011';'05247'
'LT011';'05248'
'LT011';'05249'
'LT011';'05250'
'LT011';'05251'
'LT011';'05252'
'LT011';'05253'
'LT011';'05254'
'LT011';'05255'
'LT011';'05256'
'LT011';'05257'
'LT011';'05258'
'LT011';'05259'
'LT011';'05260'
'LT011';'05261'
'LT011';'05262'
'LT011';'05263'
'LT011';'05264'
'LT011';'05265'
'LT011';'05266'
'LT011';'05267'
'LT011';'05268'
'LT011';'05269'
'LT011';'05270'
'LT011';'05271'
'LT011';'05272'
'LT011';'05273'
'LT011';'06001'
'LT011';'06005'
'LT011';'06100'
'LT011';'06101'
'LT011';'06102'
'LT011';'06103'
'LT011';'06104'
'LT011';'06105'
'LT011';'06106'
'LT011';'06107'
'LT011';'06108'
'LT011';'06109'
'LT011';'06110'
'LT011';'06111'
'LT011';'06112'
'LT011';'06113'
'LT011';'06114'
'LT011';'06115'
'LT011';'06116'
'LT011';'06117'
'LT011';'06118'
'LT011';'06119'
'LT011';'06120'
'LT011';'06121'
'LT011';'06122'
'LT011';'06123'
'LT011';'06124'
'LT011';'06125'
'LT011';'06126'
'LT011';'06127'
'LT011';'06128'
'LT011';'06129'
'LT011';'06130'
'LT011';'06131'
'LT011';'06132'
'LT011';'06133'
'LT011';'06134'
'LT011';'06135'
'LT011';'06136'
'LT011';'06137'
'LT011';'06138'
'LT011';'06139'
'LT011';'06140'
'LT011';'06141'
'LT011';'06142'
'LT011';'06143'
'LT011';'06144'
'LT011';'06145'
'LT011';'06146'
'LT011';'06152'
'LT011';'06153'
'LT011';'06154'
'LT011';'06155'
'LT011';'06156'
'LT011';'06200'
'LT011';'06201'
'LT011';'06202'
'LT011';'06203'
'LT011';'06204'
'LT011';'06205'
'LT011';'06206'
'LT011';'06207'
'LT011';'06208'
'LT011';'06209'
'LT011';'06210'
'LT011';'06211'
'LT011';'06212'
'LT011';'06213'
'LT011';'06214'
'LT011';'06215'
'LT011';'06216'
'LT011';'06217'
'LT011';'06218'
'LT011';'06219'
'LT011';'06220'
'LT011';'06221'
'LT011';'06222'
'LT011';'06223'
'LT011';'06224'
'LT011';'06225'
'LT011';'06226'
'LT011';'06227'
'LT011';'06228'
'LT011';'06229'
'LT011';'06230'
'LT011';'06231'
'LT011';'06232'
'LT011';'06234'
'LT011';'06236'
'LT011';'06237'
'LT011';'06238'
'LT011';'06242'
'LT011';'06244'
'LT011';'06245'
'LT011';'06250'
'LT011';'06255'
'LT011';'06256'
'LT011';'06257'
'LT011';'06258'
'LT011';'06261'
'LT011';'06262'
'LT011';'06264'
'LT011';'06267'
'LT011';'06268'
'LT011';'06269'
'LT011';'06279'
'LT011';'06280'
'LT011';'06281'
'LT011';'06282'
'LT011';'06284'
'LT011';'06285'
'LT011';'06286'
'LT011';'06287'
'LT011';'06288'
'LT011';'06289'
'LT011';'06300'
'LT011';'06301'
'LT011';'06302'
'LT011';'06303'
'LT011';'06304'
'LT011';'06305'
'LT011';'06306'
'LT011';'06307'
'LT011';'06308'
'LT011';'06309'
'LT011';'06310'
'LT011';'06311'
'LT011';'06312'
'LT011';'06313'
'LT011';'06314'
'LT011';'06315'
'LT011';'06316'
'LT011';'06317'
'LT011';'06318'
'LT011';'06319'
'LT011';'06320'
'LT011';'06321'
'LT011';'06322'
'LT011';'06323'
'LT011';'06324'
'LT011';'06325'
'LT011';'06326'
'LT011';'06327'
'LT011';'06328'
'LT011';'06329'
'LT011';'06331'
'LT011';'06332'
'LT011';'06333'
'LT011';'06334'
'LT011';'07001'
'LT011';'07004'
'LT011';'07100'
'LT011';'07101'
'LT011';'07102'
'LT011';'07103'
'LT011';'07104'
'LT011';'07105'
'LT011';'07106'
'LT011';'07107'
'LT011';'07108'
'LT011';'07109'
'LT011';'07110'
'LT011';'07111'
'LT011';'07112'
'LT011';'07113'
'LT011';'07114'
'LT011';'07115'
'LT011';'07116'
'LT011';'07117'
'LT011';'07118'
'LT011';'07119'
'LT011';'07120'
'LT011';'07121'
'LT011';'07122'
'LT011';'07123'
'LT011';'07124'
'LT011';'07125'
'LT011';'07126'
'LT011';'07127'
'LT011';'07128'
'LT011';'07129'
'LT011';'07130'
'LT011';'07131'
'LT011';'07132'
'LT011';'07133'
'LT011';'07134'
'LT011';'07135'
'LT011';'07136'
'LT011';'07137'
'LT011';'07138'
'LT011';'07139'
'LT011';'07140'
'LT011';'07141'
'LT011';'07142'
'LT011';'07143'
'LT011';'07144'
'LT011';'07145'
'LT011';'07146'
'LT011';'07147'
'LT011';'07148'
'LT011';'07149'
'LT011';'07150'
'LT011';'07151'
'LT011';'07152'
'LT011';'07153'
'LT011';'07154'
'LT011';'07155'
'LT011';'07156'
'LT011';'07157'
'LT011';'07158'
'LT011';'07159'
'LT011';'07160'
'LT011';'07161'
'LT011';'07162'
'LT011';'07163'
'LT011';'07164'
'LT011';'07165'
'LT011';'07166'
'LT011';'07167'
'LT011';'07168'
'LT011';'07169'
'LT011';'07170'
'LT011';'07171'
'LT011';'07172'
'LT011';'07173'
'LT011';'07174'
'LT011';'07175'
'LT011';'07176'
'LT011';'07177'
'LT011';'07178'
'LT011';'07179'
'LT011';'07180'
'LT011';'07181'
'LT011';'07182'
'LT011';'07183'
'LT011';'07184'
'LT011';'07185'
'LT011';'07186'
'LT011';'07187'
'LT011';'07188'
'LT011';'07189'
'LT011';'07190'
'LT011';'07191'
'LT011';'07192'
'LT011';'07193'
'LT011';'07194'
'LT011';'07195'
'LT011';'07196'
'LT011';'08001'
'LT011';'08009'
'LT011';'08013'
'LT011';'08018'
'LT011';'08100'
'LT011';'08101'
'LT011';'08102'
'LT011';'08103'
'LT011';'08104'
'LT011';'08105'
'LT011';'08106'
'LT011';'08107'
'LT011';'08108'
'LT011';'08109'
'LT011';'08110'
'LT011';'08111'
'LT011';'08112'
'LT011';'08113'
'LT011';'08114'
'LT011';'08115'
'LT011';'08116'
'LT011';'08117'
'LT011';'08118'
'LT011';'08119'
'LT011';'08120'
'LT011';'08121'
'LT011';'08122'
'LT011';'08123'
'LT011';'08124'
'LT011';'08125'
'LT011';'08126'
'LT011';'08127'
'LT011';'08128'
'LT011';'08129'
'LT011';'08200'
'LT011';'08201'
'LT011';'08202'
'LT011';'08203'
'LT011';'08204'
'LT011';'08205'
'LT011';'08206'
'LT011';'08207'
'LT011';'08208'
'LT011';'08209'
'LT011';'08210'
'LT011';'08211'
'LT011';'08212'
'LT011';'08213'
'LT011';'08214'
'LT011';'08215'
'LT011';'08216'
'LT011';'08217'
'LT011';'08218'
'LT011';'08219'
'LT011';'08220'
'LT011';'08221'
'LT011';'08222'
'LT011';'08223'
'LT011';'08224'
'LT011';'08225'
'LT011';'08226'
'LT011';'08227'
'LT011';'08228'
'LT011';'08229'
'LT011';'08230'
'LT011';'08231'
'LT011';'08232'
'LT011';'08233'
'LT011';'08234'
'LT011';'08235'
'LT011';'08236'
'LT011';'08237'
'LT011';'08238'
'LT011';'08239'
'LT011';'08240'
'LT011';'08241'
'LT011';'08242'
'LT011';'08243'
'LT011';'08244'
'LT011';'08245'
'LT011';'08246'
'LT011';'08247'
'LT011';'08300'
'LT011';'08301'
'LT011';'08302'
'LT011';'08303'
'LT011';'08304'
'LT011';'08305'
'LT011';'08306'
'LT011';'08307'
'LT011';'08308'
'LT011';'08309'
'LT011';'08310'
'LT011';'08311'
'LT011';'08312'
'LT011';'08313'
'LT011';'08314'
'LT011';'08315'
'LT011';'08316'
'LT011';'08317'
'LT011';'08318'
'LT011';'08319'
'LT011';'08320'
'LT011';'08321'
'LT011';'08322'
'LT011';'08323'
'LT011';'08324'
'LT011';'08325'
'LT011';'08326'
'LT011';'08327'
'LT011';'08328'
'LT011';'08329'
'LT011';'08330'
'LT011';'08331'
'LT011';'08332'
'LT011';'08333'
'LT011';'08334'
'LT011';'08335'
'LT011';'08336'
'LT011';'08337'
'LT011';'08338'
'LT011';'08339'
'LT011';'08340'
'LT011';'08341'
'LT011';'08342'
'LT011';'08343'
'LT011';'08344'
'LT011';'08400'
'LT011';'08401'
'LT011';'08402'
'LT011';'08403'
'LT011';'08404'
'LT011';'08405'
'LT011';'08406'
'LT011';'08407'
'LT011';'08408'
'LT011';'08409'
'LT011';'08410'
'LT011';'08411'
'LT011';'08412'
'LT011';'08413'
'LT011';'08414'
'LT011';'08415'
'LT011';'08416'
'LT011';'08417'
'LT011';'08418'
'LT011';'08419'
'LT011';'08420'
'LT011';'08421'
'LT011';'08422'
'LT011';'08423'
'LT011';'08424'
'LT011';'08425'
'LT011';'08426'
'LT011';'08427'
'LT011';'08428'
'LT011';'08429'
'LT011';'08430'
'LT011';'08431'
'LT011';'08432'
'LT011';'08433'
'LT011';'08434'
'LT011';'08435'
'LT011';'08436'
'LT011';'08437'
'LT011';'08438'
'LT011';'08439'
'LT011';'08440'
'LT011';'08441'
'LT011';'08442'
'LT011';'08443'
'LT011';'08444'
'LT011';'08445'
'LT011';'08447'
'LT011';'08448'
'LT011';'08449'
'LT011';'08450'
'LT011';'08451'
'LT011';'08452'
'LT011';'08453'
'LT011';'08454'
'LT011';'08455'
'LT011';'08456'
'LT011';'08457'
'LT011';'08458'
'LT011';'09001'
'LT011';'09008'
'LT011';'09020'
'LT011';'09100'
'LT011';'09101'
'LT011';'09102'
'LT011';'09103'
'LT011';'09104'
'LT011';'09105'
'LT011';'09106'
'LT011';'09107'
'LT011';'09108'
'LT011';'09109'
'LT011';'09110'
'LT011';'09111'
'LT011';'09112'
'LT011';'09113'
'LT011';'09114'
'LT011';'09115'
'LT011';'09116'
'LT011';'09117'
'LT011';'09118'
'LT011';'09119'
'LT011';'09120'
'LT011';'09121'
'LT011';'09122'
'LT011';'09123'
'LT011';'09124'
'LT011';'09125'
'LT011';'09126'
'LT011';'09127'
'LT011';'09128'
'LT011';'09129'
'LT011';'09130'
'LT011';'09131'
'LT011';'09132'
'LT011';'09133'
'LT011';'09200'
'LT011';'09201'
'LT011';'09202'
'LT011';'09203'
'LT011';'09204'
'LT011';'09205'
'LT011';'09206'
'LT011';'09207'
'LT011';'09208'
'LT011';'09209'
'LT011';'09210'
'LT011';'09211'
'LT011';'09212'
'LT011';'09213'
'LT011';'09214'
'LT011';'09215'
'LT011';'09216'
'LT011';'09217'
'LT011';'09218'
'LT011';'09219'
'LT011';'09220'
'LT011';'09221'
'LT011';'09222'
'LT011';'09223'
'LT011';'09224'
'LT011';'09225'
'LT011';'09226'
'LT011';'09227'
'LT011';'09228'
'LT011';'09229'
'LT011';'09230'
'LT011';'09231'
'LT011';'09232'
'LT011';'09233'
'LT011';'09300'
'LT011';'09301'
'LT011';'09302'
'LT011';'09303'
'LT011';'09304'
'LT011';'09305'
'LT011';'09306'
'LT011';'09307'
'LT011';'09308'
'LT011';'09309'
'LT011';'09310'
'LT011';'09311'
'LT011';'09312'
'LT011';'09313'
'LT011';'09314'
'LT011';'09315'
'LT011';'09316'
'LT011';'09317'
'LT011';'09318'
'LT011';'09319'
'LT011';'09320'
'LT011';'09321'
'LT011';'00001'
'LT011';'00009'
'LT011';'6325'
'LT011';'6326'
'LT011';'6327'
'LT011';'6328'
'LT011';'6329'
'LT011';'6331'
'LT011';'6332'
'LT011';'6333'
'LT011';'6334'
'LT011';'7001'
'LT011';'7004'
'LT011';'7100'
'LT011';'7101'
'LT011';'7102'
'LT011';'7103'
'LT011';'7104'
'LT011';'7105'
'LT011';'7106'
'LT011';'7107'
'LT011';'7108'
'LT011';'7109'
'LT011';'7110'
'LT011';'7111'
'LT011';'7112'
'LT011';'7113'
'LT011';'7114'
'LT011';'7115'
'LT011';'7116'
'LT011';'7117'
'LT011';'7118'
'LT011';'7119'
'LT011';'7120'
'LT011';'7121'
'LT011';'7122'
'LT011';'7123'
'LT011';'7124'
'LT011';'7125'
'LT011';'7126'
'LT011';'7127'
'LT011';'7128'
'LT011';'7129'
'LT011';'7130'
'LT011';'7131'
'LT011';'7132'
'LT011';'7133'
'LT011';'7134'
'LT011';'7135'
'LT011';'7136'
'LT011';'7137'
'LT011';'7138'
'LT011';'7139'
'LT011';'7140'
'LT011';'7141'
'LT011';'7142'
'LT011';'7143'
'LT011';'7144'
'LT011';'7145'
'LT011';'7146'
'LT011';'7147'
'LT011';'7148'
'LT011';'7149'
'LT011';'7150'
'LT011';'7151'
'LT011';'7152'
'LT011';'7153'
'LT011';'7154'
'LT011';'7155'
'LT011';'7156'
'LT011';'7157'
'LT011';'7158'
'LT011';'7159'
'LT011';'7160'
'LT011';'7161'
'LT011';'7162'
'LT011';'7163'
'LT011';'7164'
'LT011';'7165'
'LT011';'7166'
'LT011';'7167'
'LT011';'7168'
'LT011';'7169'
'LT011';'7170'
'LT011';'7171'
'LT011';'7172'
'LT011';'7173'
'LT011';'7174'
'LT011';'7175'
'LT011';'7176'
'LT011';'7177'
'LT011';'7178'
'LT011';'7179'
'LT011';'7180'
'LT011';'7181'
'LT011';'7182'
'LT011';'7183'
'LT011';'7184'
'LT011';'7185'
'LT011';'7186'
'LT011';'7187'
'LT011';'7188'
'LT011';'7189'
'LT011';'7190'
'LT011';'7191'
'LT011';'7192'
'LT011';'7193'
'LT011';'7194'
'LT011';'7195'
'LT011';'7196'
'LT011';'8001'
'LT011';'8009'
'LT011';'8013'
'LT011';'8018'
'LT011';'8100'
'LT011';'8101'
'LT011';'8102'
'LT011';'8103'
'LT011';'8104'
'LT011';'8105'
'LT011';'8106'
'LT011';'8107'
'LT011';'8108'
'LT011';'8109'
'LT011';'8110'
'LT011';'8111'
'LT011';'8112'
'LT011';'8113'
'LT011';'8114'
'LT011';'8115'
'LT011';'8116'
'LT011';'8117'
'LT011';'8118'
'LT011';'8119'
'LT011';'8120'
'LT011';'8121'
'LT011';'8122'
'LT011';'8123'
'LT011';'8124'
'LT011';'8125'
'LT011';'8126'
'LT011';'8127'
'LT011';'8128'
'LT011';'8129'
'LT011';'8200'
'LT011';'8201'
'LT011';'8202'
'LT011';'8203'
'LT011';'8204'
'LT011';'8205'
'LT011';'8206'
'LT011';'8207'
'LT011';'8208'
'LT011';'8209'
'LT011';'8210'
'LT011';'8211'
'LT011';'8212'
'LT011';'8213'
'LT011';'8214'
'LT011';'8215'
'LT011';'8216'
'LT011';'8217'
'LT011';'8218'
'LT011';'8219'
'LT011';'8220'
'LT011';'8221'
'LT011';'8222'
'LT011';'8223'
'LT011';'8224'
'LT011';'8225'
'LT011';'8226'
'LT011';'8227'
'LT011';'8228'
'LT011';'8229'
'LT011';'8230'
'LT011';'8231'
'LT011';'8232'
'LT011';'8233'
'LT011';'8234'
'LT011';'8235'
'LT011';'8236'
'LT011';'8237'
'LT011';'8238'
'LT011';'8239'
'LT011';'8240'
'LT011';'8241'
'LT011';'8242'
'LT011';'8243'
'LT011';'8244'
'LT011';'8245'
'LT011';'8246'
'LT011';'8247'
'LT011';'8300'
'LT011';'8301'
'LT011';'8302'
'LT011';'8303'
'LT011';'8304'
'LT011';'8305'
'LT011';'8306'
'LT011';'8307'
'LT011';'8308'
'LT011';'8309'
'LT011';'8310'
'LT011';'8311'
'LT011';'8312'
'LT011';'8313'
'LT011';'8314'
'LT011';'8315'
'LT011';'8316'
'LT011';'8317'
'LT011';'8318'
'LT011';'8319'
'LT011';'8320'
'LT011';'8321'
'LT011';'8322'
'LT011';'8323'
'LT011';'8324'
'LT011';'8325'
'LT011';'8326'
'LT011';'8327'
'LT011';'8328'
'LT011';'8329'
'LT011';'8330'
'LT011';'8331'
'LT011';'8332'
'LT011';'8333'
'LT011';'8334'
'LT011';'8335'
'LT011';'8336'
'LT011';'8337'
'LT011';'8338'
'LT011';'8339'
'LT011';'8340'
'LT011';'8341'
'LT011';'8342'
'LT011';'8343'
'LT011';'8344'
'LT011';'8400'
'LT011';'8401'
'LT011';'8402'
'LT011';'8403'
'LT011';'8404'
'LT011';'8405'
'LT011';'8406'
'LT011';'8407'
'LT011';'8408'
'LT011';'8409'
'LT011';'8410'
'LT011';'8411'
'LT011';'8412'
'LT011';'8413'
'LT011';'8414'
'LT011';'8415'
'LT011';'8416'
'LT011';'8417'
'LT011';'8418'
'LT011';'8419'
'LT011';'8420'
'LT011';'8421'
'LT011';'8422'
'LT011';'8423'
'LT011';'8424'
'LT011';'8425'
'LT011';'8426'
'LT011';'8427'
'LT011';'8428'
'LT011';'8429'
'LT011';'8430'
'LT011';'8431'
'LT011';'8432'
'LT011';'8433'
'LT011';'8434'
'LT011';'8435'
'LT011';'8436'
'LT011';'8437'
'LT011';'8438'
'LT011';'8439'
'LT011';'8440'
'LT011';'8441'
'LT011';'8442'
'LT011';'8443'
'LT011';'8444'
'LT011';'8445'
'LT011';'8447'
'LT011';'8448'
'LT011';'8449'
'LT011';'8450'
'LT011';'8451'
'LT011';'8452'
'LT011';'8453'
'LT011';'8454'
'LT011';'8455'
'LT011';'8456'
'LT011';'8457'
'LT011';'8458'
'LT011';'9001'
'LT011';'9008'
'LT011';'9020'
'LT011';'9100'
'LT011';'9101'
'LT011';'9102'
'LT011';'9103'
'LT011';'9104'
'LT011';'9105'
'LT011';'9106'
'LT011';'9107'
'LT011';'9108'
'LT011';'9109'
'LT011';'9110'
'LT011';'9111'
'LT011';'9112'
'LT011';'9113'
'LT011';'9114'
'LT011';'9115'
'LT011';'9116'
'LT011';'9117'
'LT011';'9118'
'LT011';'9119'
'LT011';'9120'
'LT011';'9121'
'LT011';'9122'
'LT011';'9123'
'LT011';'9124'
'LT011';'9125'
'LT011';'9126'
'LT011';'9127'
'LT011';'9128'
'LT011';'9129'
'LT011';'9130'
'LT011';'9131'
'LT011';'9132'
'LT011';'9133'
'LT011';'9200'
'LT011';'9201'
'LT011';'9202'
'LT011';'9203'
'LT011';'9204'
'LT011';'9205'
'LT011';'9206'
'LT011';'9207'
'LT011';'9208'
'LT011';'9209'
'LT011';'9210'
'LT011';'9211'
'LT011';'9212'
'LT011';'9213'
'LT011';'9214'
'LT011';'9215'
'LT011';'9216'
'LT011';'9217'
'LT011';'9218'
'LT011';'9219'
'LT011';'9220'
'LT011';'9221'
'LT011';'9222'
'LT011';'9223'
'LT011';'9224'
'LT011';'9225'
'LT011';'9226'
'LT011';'9227'
'LT011';'9228'
'LT011';'9229'
'LT011';'9230'
'LT011';'9231'
'LT011';'9232'
'LT011';'9233'
'LT011';'9300'
'LT011';'9301'
'LT011';'9302'
'LT011';'9303'
'LT011';'9304'
'LT011';'9305'
'LT011';'9306'
'LT011';'9307'
'LT011';'9308'
'LT011';'9309'
'LT011';'9310'
'LT011';'9311'
'LT011';'9312'
'LT011';'9313'
'LT011';'9314'
'LT011';'9315'
'LT011';'9316'
'LT011';'9317'
'LT011';'9318'
'LT011';'9319'
'LT011';'9320'
'LT011';'9321'
'LT021';'62001'
'LT021';'62014'
'LT021';'63001'
'LT021';'64001'
'LT021';'64005'
'LT021';'64009'
'LT021';'64017'
'LT021';'64021'
'LT021';'64025'
'LT021';'64029'
'LT021';'64037'
'LT021';'64041'
'LT021';'64045'
'LT021';'64053'
'LT021';'64057'
'LT021';'64061'
'LT021';'64065'
'LT021';'64069'
'LT021';'65001'
'LT021';'65007'
'LT021';'65011'
'LT021';'65023'
'LT021';'65027'
'LT021';'65031'
'LT021';'65035'
'LT021';'65039'
'LT021';'65043'
'LT021';'65051'
'LT021';'65055'
'LT021';'65059'
'LT021';'65063'
'LT021';'65067'
'LT021';'65071'
'LT021';'65075'
'LT021';'65079'
'LT021';'66001'
'LT021';'66007'
'LT021';'67001'
'LT021';'67006'
'LT021';'67010'
'LT021';'67014'
'LT021';'67019'
'LT021';'67027'
'LT021';'67035'
'LT021';'67039'
'LT021';'67043'
'LT021';'67047'
'LT021';'67055'
'LT021';'67071'
'LT021';'67083'
'LT022';'44001'
'LT022';'44037'
'LT022';'45001'
'LT022';'45009'
'LT022';'46001'
'LT022';'46005'
'LT022';'47001'
'LT022';'47009'
'LT022';'47015'
'LT022';'48001'
'LT022';'48005'
'LT022';'48009'
'LT022';'49001'
'LT022';'50001'
'LT022';'50019'
'LT022';'51001'
'LT022';'52001'
'LT022';'52005'
'LT022';'53015'
'LT022';'53021'
'LT022';'53030'
'LT022';'53056'
'LT022';'53067'
'LT022';'53079'
'LT022';'53083'
'LT022';'53088'
'LT022';'53093'
'LT022';'54001'
'LT022';'54011'
'LT022';'54015'
'LT022';'54046'
'LT022';'54050'
'LT022';'54055'
'LT022';'54059'
'LT022';'54066'
'LT022';'54073'
'LT022';'54078'
'LT022';'54085'
'LT022';'54093'
'LT022';'55001'
'LT022';'55014'
'LT022';'55022'
'LT022';'55025'
'LT022';'55041'
'LT022';'55044'
'LT022';'55052'
'LT022';'55066'
'LT022';'55096'
'LT022';'56001'
'LT022';'56017'
'LT022';'56028'
'LT022';'56037'
'LT022';'56040'
'LT022';'56048'
'LT022';'56054'
'LT022';'56060'
'LT022';'56063'
'LT022';'57001'
'LT022';'57005'
'LT022';'58005'
'LT022';'58011'
'LT022';'58014'
'LT022';'58017'
'LT022';'58026'
'LT022';'58032'
'LT022';'58038'
'LT022';'58047'
'LT022';'58050'
'LT022';'58053'
'LT022';'58057'
'LT022';'58063'
'LT022';'58066'
'LT022';'58069'
'LT022';'58072'
'LT022';'59001'
'LT022';'59009'
'LT022';'59015'
'LT022';'59021'
'LT022';'59027'
'LT022';'59030'
'LT022';'59033'
'LT022';'59037'
'LT022';'59040'
'LT022';'59052'
'LT022';'59055'
'LT022';'59058'
'LT022';'60001'
'LT022';'60010'
'LT022';'60019'
'LT022';'60028'
'LT022';'60031'
'LT022';'60034'
'LT022';'60037'
'LT022';'60040'
'LT022';'60043'
'LT022';'60046'
'LT022';'60049'
'LT022';'60052'
'LT022';'60055'
'LT022';'60058'
'LT022';'60061'
'LT022';'60070'
'LT022';'71013'
'LT022';'71017'
'LT022';'71021'
'LT022';'71029'
'LT023';'1'
'LT023';'9'
'LT023';'91001'
'LT023';'91022'
'LT023';'91023'
'LT023';'93012'
'LT023';'93017'
'LT023';'94007'
'LT023';'96001'
'LT023';'96008'
'LT023';'96011'
'LT023';'96014'
'LT023';'96020'
'LT023';'96026'
'LT023';'96032'
'LT023';'96035'
'LT023';'96041'
'LT023';'96044'
'LT023';'96047'
'LT023';'97001'
'LT023';'97011'
'LT023';'97014'
'LT023';'97017'
'LT023';'97023'
'LT023';'97029'
'LT023';'97035'
'LT023';'97038'
'LT023';'97041'
'LT023';'98001'
'LT023';'98008'
'LT023';'98014'
'LT023';'98017'
'LT023';'98023'
'LT023';'98026'
'LT023';'98032'
'LT023';'98038'
'LT023';'98041'
'LT023';'98044'
'LT023';'98047'
'LT023';'98050'
'LT023';'99001'
'LT023';'99005'
'LT023';'99011'
'LT023';'99014'
'LT023';'99044'
'LT023';'99047'
'LT023';'99050'
'LT023';'99053'
'LT023';'99056'
'LT023';'99060'
'LT023';'99063'
'LT023';'99069'
'LT025';'35001'
'LT025';'36001'
'LT025';'36010'
'LT025';'37001'
'LT025';'37005'
'LT025';'37010'
'LT025';'38007'
'LT025';'38010'
'LT025';'38013'
'LT025';'38016'
'LT025';'38019'
'LT025';'38031'
'LT025';'38037'
'LT025';'38040'
'LT025';'38043'
'LT025';'38046'
'LT025';'38049'
'LT025';'38052'
'LT025';'38055'
'LT025';'38064'
'LT025';'38067'
'LT025';'38070'
'LT025';'38079'
'LT025';'38082'
'LT025';'39001'
'LT025';'39006'
'LT025';'39012'
'LT025';'39015'
'LT025';'39027'
'LT025';'39034'
'LT025';'39040'
'LT025';'39049'
'LT025';'39052'
'LT025';'39055'
'LT025';'39058'
'LT025';'40001'
'LT025';'40018'
'LT025';'40030'
'LT025';'40033'
'LT025';'40049'
'LT025';'40055'
'LT025';'40056'
'LT025';'41001'
'LT025';'41012'
'LT025';'41033'
'LT025';'41040'
'LT025';'41058'
'LT025';'41062'
'LT025';'41071'
'LT025';'41072'
'LT025';'41073'
'LT025';'42001'
'LT025';'42006'
'LT025';'42013'
'LT025';'42016'
'LT025';'42022'
'LT025';'42025'
'LT025';'42028'
'LT025';'42031'
'LT025';'42034'
'LT025';'42041'
'LT025';'42063'
'LT025';'42069'
'LT026';'70029'
'LT026';'76001'
'LT026';'78007'
'LT026';'79001'
'LT026';'80001'
'LT026';'80010'
'LT026';'80013'
'LT026';'80016'
'LT026';'80019'
'LT026';'80025'
'LT026';'80028'
'LT026';'81001'
'LT026';'81006'
'LT026';'81009'
'LT026';'81015'
'LT026';'81018'
'LT026';'81021'
'LT026';'81024'
'LT026';'81030'
'LT026';'81033'
'LT026';'82001'
'LT026';'82007'
'LT026';'82010'
'LT026';'82025'
'LT026';'82028'
'LT026';'82034'
'LT026';'82037'
'LT026';'82040'
'LT026';'82043'
'LT026';'82046'
'LT026';'82052'
'LT026';'82055'
'LT026';'82058'
'LT026';'83001'
'LT026';'83004'
'LT026';'83013'
'LT026';'83022'
'LT026';'83025'
'LT026';'83028'
'LT026';'83031'
'LT026';'83034'
'LT026';'83037'
'LT026';'83040'
'LT026';'83046'
'LT026';'83052'
'LT026';'84001'
'LT026';'84007'
'LT026';'84010'
'LT026';'84016'
'LT026';'84019'
'LT026';'84025'
'LT026';'84028'
'LT026';'84031'
'LT026';'84034'
'LT026';'84037'
'LT026';'85001'
'LT026';'85007'
'LT026';'85010'
'LT026';'85013'
'LT026';'85019'
'LT026';'85022'
'LT026';'85037'
'LT026';'86001'
'LT026';'86011'
'LT026';'86017'
'LT026';'86026'
'LT026';'86036'
'LT026';'86043'
'LT026';'86046'
'LT026';'86052'
'LT026';'86061'
'LT026';'86065'
'LT027';'70021'
'LT027';'72001'
'LT027';'72028'
'LT027';'73001'
'LT027';'73004'
'LT027';'73010'
'LT027';'73014'
'LT027';'73017'
'LT027';'73021'
'LT027';'73025'
'LT027';'73028'
'LT027';'73032'
'LT027';'74001'
'LT027';'74006'
'LT027';'74009'
'LT027';'74012'
'LT027';'74015'
'LT027';'74018'
'LT027';'74021'
'LT027';'74024'
'LT027';'74027'
'LT027';'74030'
'LT027';'74033'
'LT027';'74036'
'LT027';'74039'
'LT027';'74051'
'LT027';'74054'
'LT027';'74057'
'LT027';'74060'
'LT027';'74063'
'LT027';'75001'
'LT027';'75008'
'LT027';'75011'
'LT027';'75014'
'LT027';'75017'
'LT027';'75020'
'LT027';'75023'
'LT027';'75026'
'LT027';'75029'
'LT027';'75032'
'LT027';'75035'
'LT027';'75038'
'LT027';'75041'
'LT027';'75044'
'LT027';'75047'
'LT027';'99023'
'LT027';'99032'
'LT027';'99035'
'LT027';'99038'
'LT028';'87001'
'LT028';'88001'
'LT028';'88006'
'LT028';'88011'
'LT028';'88019'
'LT028';'88028'
'LT028';'88033'
'LT028';'88050'
'LT028';'88061'
'LT028';'88068'
'LT028';'88075'
'LT028';'88085'
'LT028';'88094'
'LT028';'89001'
'LT028';'89021'
'LT028';'89031'
'LT028';'89046'
'LT028';'89051'
'LT028';'89066'
'LT028';'89071'
'LT028';'89076'
'LT028';'89079'
'LT028';'89082'
'LT028';'89085'
'LT028';'89091'
'LT028';'89094'
'LT028';'89097'
'LT028';'90001'
'LT028';'90006'
'LT028';'90009'
'LT028';'90012'
'LT028';'90015'
'LT028';'90018'
'LT028';'90021'
'LT028';'90024'
'LT028';'90027'
'LT028';'90030'
'LT028';'90036'
'LT028';'90039'
'LT028';'90042'
'LT028';'90045'
'LT029';'28001'
'LT029';'28012'
'LT029';'28015'
'LT029';'28018'
'LT029';'28021'
'LT029';'28024'
'LT029';'28027'
'LT029';'28030'
'LT029';'28033'
'LT029';'28039'
'LT029';'28042'
'LT029';'28045'
'LT029';'28048'
'LT029';'29001'
'LT029';'29006'
'LT029';'29012'
'LT029';'29015'
'LT029';'29018'
'LT029';'29021'
'LT029';'29030'
'LT029';'29033'
'LT029';'29036'
'LT029';'29039'
'LT029';'29042'
'LT029';'29045'
'LT029';'29048'
'LT029';'29051'
'LT029';'29054'
'LT029';'30001'
'LT029';'30006'
'LT029';'30009'
'LT029';'30012'
'LT029';'30015'
'LT029';'30018'
'LT029';'30024'
'LT029';'30027'
'LT029';'30030'
'LT029';'30033'
'LT029';'30036'
'LT029';'30039'
'LT029';'30042'
'LT029';'30045'
'LT029';'30048'
'LT029';'30051'
'LT029';'30054'
'LT029';'31001'
'LT029';'31007'
'LT029';'32001'
'LT029';'32004'
'LT029';'32007'
'LT029';'32010'
'LT029';'32013'
'LT029';'32016'
'LT029';'32019'
'LT029';'32022'
'LT029';'32028'
'LT029';'32029'
'LT029';'32032'
'LT029';'33001'
'LT029';'33004'
'LT029';'33007'
'LT029';'33010'
'LT029';'33016'
'LT029';'33019'
'LT029';'33022'
'LT029';'33025'
'LT029';'33028'
'LT029';'33031'
'LT029';'33034'
'LT029';'33037'
'LT029';'33040'
'LT029';'33043'
'LT029';'33046'
'LT029';'33049'
'LT024';'67067'
'LT024';'68001'
'LT024';'69001'
'LT024';'69005'
'LT024';'69009'
'LT024';'69013'
'LT024';'69016'
'LT024';'69022'
'LT024';'69026'
'LT024';'69030'
'LT024';'69037'
'LT024';'69044'
'LT024';'69047'
'LT024';'69052'
'LT024';'69065'
'LT024';'69068'
'LT024';'69071'
'LT024';'69074'
'LT024';'69080'
'LT024';'69083'
'LT024';'69088'
'LT024';'69091'
'LT024';'69094'
'LT024';'69097'
'LT024';'70001'
'LT024';'70009'
'LT024';'70013'
'LT024';'70017'
'LT024';'70037'
'LT024';'70045'
'LT024';'70053'
'LT024';'70057'
'LT024';'70061'
'LT024';'70065'
'LT024';'70069'
'LT024';'70073'
'LT024';'70085'
'LT024';'71001'
'LT024';'71005'
'LT024';'71009'
'LT024';'71033'
'LT024';'71037'
'LT024';'71041'
'LT024';'71045'
'LT024';'71049'
'LT024';'71057'
'LT024';'71061'
'LT024';'71065'
'LT024';'71069'
'LT024';'71073'
'LT024';'71077'
'LT024';'71081'
'LT024';'71085'
'LT024';'71093'
'LT024';'74042'
'LT024';'74045'
'LT024';'74048'
'LT011';'17005'
'LT011';'18033'
'LT011';'18036'
'LT011';'18039'
